Model,Accuracy,F1_macro
DecisionTree,0.772888573456352,0.6917169440813045
RandomForest,0.794180269694819,0.7100411581038888
